filename,width,height
p1860356.jpg,4592,3448
p1840383.jpg,4592,3448
p1840236.jpg,4592,3448
p1840546.jpg,4592,3448
p1840286.jpg,4592,3448
p1840309.jpg,4592,3448
dsc-0325.jpg,3920,2208
36.jpg,1919,981
p1840197.jpg,4592,3448
p1840376.jpg,4592,3448
p1840099.jpg,4592,3448
p1830973.jpg,4592,3448
dsc-0143.jpg,3840,2160
p1860350.jpg,4592,3448
19.jpg,1919,979
p1840378.jpg,4592,3448
p1840410.jpg,4592,3448
p1840184.jpg,4592,3448
p1840444.jpg,4592,3448
p1840608.jpg,4592,3448
p1860340.jpg,4592,3448
p1840023.jpg,4592,3448
p1840435.jpg,4592,3448
p1860649.jpg,4592,3448
p1840175.jpg,4592,3448
p1840054.jpg,4592,3448
122.jpg,1919,979
p1840535.jpg,4592,3448
p1840579.jpg,4592,3448
p1840100.jpg,4592,3448
5.jpg,1915,981
77.jpg,1919,979
p1840071.jpg,4592,3448
p1860365.jpg,4592,3448
p1840408.jpg,4592,3448
p1840298.jpg,4592,3448
p1860368.jpg,4592,3448
p1860076.jpg,4592,3448
p1840107.jpg,4592,3448
144.jpg,1919,981
140.jpg,1919,977
p1860643.jpg,4592,3448
57.jpg,1919,981
83.jpg,1917,981
p1860411.jpg,4592,3448
p1840129.jpg,4592,3448
p1840477.jpg,4592,3448
p1840455.jpg,4592,3448
dsc-0147.jpg,3840,2160
132.jpg,1919,979
p1860054.jpg,4592,3448
p1840044.jpg,4592,3448
p1840131.jpg,4592,3448
dsc-0331.jpg,3920,2208
p1830977.jpg,4592,3448
p1840452.jpg,4592,3448
p1830944.jpg,4592,3448
15.jpg,1919,977
p1840402.jpg,4592,3448
p1840391.jpg,4592,3448
p1840209.jpg,4592,3448
p1840147.jpg,4592,3448
p1840079.jpg,4592,3448
p1840225.jpg,4592,3448
p1840573.jpg,4592,3448
p1840558.jpg,4592,3448
dsc-0142.jpg,3840,2160
p1860339.jpg,4592,3448
p1840540.jpg,4592,3448
p1840009.jpg,4592,3448
p1840438.jpg,4592,3448
p1840460.jpg,4592,3448
p1840343.jpg,4592,3448
p1860086.jpg,4592,3448
p1840482.jpg,4592,3448
90.jpg,1919,977
p1840169.jpg,4592,3448
p1840427.jpg,4592,3448
p1860637.jpg,4592,3448
p1840412.jpg,4592,3448
p1830937.jpg,4592,3448
p1840484.jpg,4592,3448
p1830983.jpg,4592,3448
p1840279.jpg,4592,3448
118.jpg,1919,981
p1830994.jpg,4592,3448
p1840355.jpg,4592,3448
p1860638.jpg,4592,3448
p1840330.jpg,4592,3448
p1860035.jpg,4592,3448
p1860094.jpg,4592,3448
p1840440.jpg,4592,3448
p1840068.jpg,4592,3448
p1840011.jpg,4592,3448
p1840227.jpg,4592,3448
53.jpg,1919,981
147.jpg,1919,981
p1840133.jpg,4592,3448
p1860093.jpg,4592,3448
p1840310.jpg,4592,3448
p1840222.jpg,4592,3448
p1840084.jpg,4592,3448
62.jpg,1919,981
152.jpg,1919,983
p1840317.jpg,4592,3448
p1840172.jpg,4592,3448
143.jpg,1917,981
p1840060.jpg,4592,3448
p1840045.jpg,4592,3448
p1840462.jpg,4592,3448
p1840235.jpg,4592,3448
p1840033.jpg,4592,3448
dsc-0124.jpg,3840,2160
67.jpg,1919,981
dsc-0123.jpg,3840,2160
p1860059.jpg,4592,3448
dsc-0333.jpg,3920,2208
p1840191.jpg,4592,3448
24.jpg,1920,977
p1840123.jpg,4592,3448
p1840577.jpg,4592,3448
p1840251.jpg,4592,3448
p1840014.jpg,4592,3448
p1840130.jpg,4592,3448
p1830975.jpg,4592,3448
p1840601.jpg,4592,3448
p1860108.jpg,4592,3448
p1840246.jpg,4592,3448
dsc-0125.jpg,3840,2160
p1840519.jpg,4592,3448
58.jpg,1919,979
p1840039.jpg,4592,3448
p1830946.jpg,4592,3448
p1860407.jpg,4592,3448
95.jpg,1919,979
p1860040.jpg,4592,3448
16.jpg,1919,979
p1860392.jpg,4592,3448
p1830928.jpg,4592,3448
45.jpg,1919,981
p1840369.jpg,4592,3448
p1840232.jpg,4592,3448
131.jpg,1919,981
115.jpg,1919,981
p1840350.jpg,4592,3448
p1840489.jpg,4592,3448
p1840335.jpg,4592,3448
p1840086.jpg,4592,3448
p1840605.jpg,4592,3448
63.jpg,1919,983
p1840551.jpg,4592,3448
dsc-0120.jpg,3840,2160
p1840216.jpg,4592,3448
dsc-0144.jpg,3840,2160
p1840293.jpg,4592,3448
p1840582.jpg,4592,3448
p1840469.jpg,4592,3448
p1840289.jpg,4592,3448
p1840394.jpg,4592,3448
p1840532.jpg,4592,3448
p1840163.jpg,4592,3448
p1840356.jpg,4592,3448
p1860396.jpg,4592,3448
p1840327.jpg,4592,3448
50.jpg,1919,979
p1830985.jpg,4592,3448
p1840221.jpg,4592,3448
p1840306.jpg,4592,3448
p1840149.jpg,4592,3448
p1840250.jpg,4592,3448
p1840237.jpg,4592,3448
111.jpg,1919,981
p1830954.jpg,4592,3448
p1830974.jpg,4592,3448
p1860082.jpg,4592,3448
p1840292.jpg,4592,3448
p1840095.jpg,4592,3448
p1840219.jpg,4592,3448
p1840093.jpg,4592,3448
78.jpg,1919,979
p1830991.jpg,4592,3448
p1840578.jpg,4592,3448
p1840347.jpg,4592,3448
p1840238.jpg,4592,3448
p1830961.jpg,4592,3448
p1860096.jpg,4592,3448
p1840003.jpg,4592,3448
p1840415.jpg,4592,3448
p1840241.jpg,4592,3448
p1830922.jpg,4592,3448
33.jpg,1919,979
p1840502.jpg,4592,3448
p1840137.jpg,4592,3448
p1840008.jpg,4592,3448
p1840228.jpg,4592,3448
p1840030.jpg,4592,3448
p1840542.jpg,4592,3448
p1860095.jpg,4592,3448
p1840491.jpg,4592,3448
135.jpg,1919,977
p1830966.jpg,4592,3448
p1860038.jpg,4592,3448
p1840322.jpg,4592,3448
dsc-0332.jpg,3920,2208
p1860098.jpg,4592,3448
p1840094.jpg,4592,3448
p1840458.jpg,4592,3448
p1840396.jpg,4592,3448
p1840040.jpg,4592,3448
p1840211.jpg,4592,3448
p1830945.jpg,4592,3448
p1860406.jpg,4592,3448
p1840362.jpg,4592,3448
p1840393.jpg,4592,3448
p1840205.jpg,4592,3448
p1860338.jpg,4592,3448
121.jpg,1919,979
p1860052.jpg,4592,3448
114.jpg,1920,985
p1840201.jpg,4592,3448
47.jpg,1919,977
p1840061.jpg,4592,3448
p1830998.jpg,4592,3448
p1840012.jpg,4592,3448
p1840187.jpg,4592,3448
p1840525.jpg,4592,3448
p1840118.jpg,4592,3448
p1840290.jpg,4592,3448
p1840358.jpg,4592,3448
p1860358.jpg,4592,3448
p1840488.jpg,4592,3448
60.jpg,1917,983
p1840261.jpg,4592,3448
p1840463.jpg,4592,3448
p1840506.jpg,4592,3448
p1840139.jpg,4592,3448
p1860062.jpg,4592,3448
106.jpg,1917,977
p1840081.jpg,4592,3448
p1840414.jpg,4592,3448
p1840544.jpg,4592,3448
p1830956.jpg,4592,3448
p1840194.jpg,4592,3448
p1860364.jpg,4592,3448
p1840134.jpg,4592,3448
p1840203.jpg,4592,3448
p1840574.jpg,4592,3448
p1830938.jpg,4592,3448
p1840354.jpg,4592,3448
p1830919.jpg,4592,3448
p1830932.jpg,4592,3448
p1840157.jpg,4592,3448
p1840487.jpg,4592,3448
p1840589.jpg,4592,3448
p1840214.jpg,4592,3448
p1860072.jpg,4592,3448
p1840517.jpg,4592,3448
p1840050.jpg,4592,3448
p1840363.jpg,4592,3448
p1840164.jpg,4592,3448
84.jpg,1919,979
p1840498.jpg,4592,3448
p1840366.jpg,4592,3448
p1840108.jpg,4592,3448
69.jpg,1919,979
p1840072.jpg,4592,3448
p1840507.jpg,4592,3448
p1840043.jpg,4592,3448
p1860078.jpg,4592,3448
p1840146.jpg,4592,3448
p1840516.jpg,4592,3448
p1840031.jpg,4592,3448
p1840384.jpg,4592,3448
p1840056.jpg,4592,3448
p1840104.jpg,4592,3448
p1840035.jpg,4592,3448
p1840114.jpg,4592,3448
p1860100.jpg,4592,3448
p1840385.jpg,4592,3448
p1840280.jpg,4592,3448
p1840143.jpg,4592,3448
p1840353.jpg,4592,3448
p1840208.jpg,4592,3448
p1840173.jpg,4592,3448
p1860049.jpg,4592,3448
p1840231.jpg,4592,3448
p1840090.jpg,4592,3448
41.jpg,1917,983
p1840606.jpg,4592,3448
p1860069.jpg,4592,3448
p1830964.jpg,4592,3448
66.jpg,1919,981
p1860280.jpg,4592,3448
130.jpg,1919,981
p1840588.jpg,4592,3448
p1830968.jpg,4592,3448
p1840295.jpg,4592,3448
p1860656.jpg,1919,979
74.jpg,1919,979
p1860109.jpg,4592,3448
p1860053.jpg,4592,3448
p1840541.jpg,4592,3448
p1830957.jpg,4592,3448
p1840545.jpg,4592,3448
p1840597.jpg,4592,3448
p1860064.jpg,4592,3448
p1840281.jpg,4592,3448
p1840561.jpg,4592,3448
p1840503.jpg,4592,3448
p1840534.jpg,4592,3448
p1860360.jpg,4592,3448
p1830931.jpg,4592,3448
dsc-0108.jpg,3840,2160
11.jpg,1917,979
p1840091.jpg,4592,3448
13.jpg,1919,983
p1860633.jpg,4592,3448
p1840374.jpg,4592,3448
p1840162.jpg,4592,3448
p1840177.jpg,4592,3448
70.jpg,1919,981
136.jpg,1917,983
p1840520.jpg,4592,3448
3.jpg,1919,979
p1840119.jpg,4592,3448
p1840392.jpg,4592,3448
p1840210.jpg,4592,3448
p1840001.jpg,4592,3448
p1830934.jpg,4592,3448
141.jpg,1919,979
p1830976.jpg,4592,3448
p1840005.jpg,4592,3448
61.jpg,1919,979
p1840088.jpg,4592,3448
p1840442.jpg,4592,3448
dsc-0145.jpg,3840,2160
p1840148.jpg,4592,3448
p1840575.jpg,4592,3448
p1840380.jpg,4592,3448
dsc-0146.jpg,3840,2160
93.jpg,1917,979
p1840537.jpg,4592,3448
p1860106.jpg,4592,3448
p1840332.jpg,4592,3448
p1860344.jpg,4592,3448
p1840207.jpg,4592,3448
p1860410.jpg,4592,3448
p1840521.jpg,4592,3448
p1840127.jpg,4592,3448
55.jpg,1919,979
p1840025.jpg,4592,3448
p1840388.jpg,4592,3448
p1840328.jpg,4592,3448
56.jpg,1919,979
139.jpg,1919,979
p1840049.jpg,4592,3448
p1840351.jpg,4592,3448
p1860046.jpg,4592,3448
126.jpg,1919,981
dsc-0138.jpg,3840,2160
p1840126.jpg,4592,3448
p1860636.jpg,4592,3448
p1840522.jpg,4592,3448
p1840411.jpg,4592,3448
p1840029.jpg,4592,3448
p1860089.jpg,4592,3448
p1840171.jpg,4592,3448
p1830992.jpg,4592,3448
p1840006.jpg,4592,3448
dsc-0328.jpg,3920,2208
p1860042.jpg,4592,3448
p1860088.jpg,4592,3448
p1860393.jpg,4592,3448
p1840115.jpg,4592,3448
p1840479.jpg,4592,3448
p1840180.jpg,4592,3448
p1840112.jpg,4592,3448
p1860110.jpg,4592,3448
p1840504.jpg,4592,3448
p1840189.jpg,4592,3448
p1840485.jpg,4592,3448
142.jpg,1917,983
p1840337.jpg,4592,3448
p1840604.jpg,4592,3448
1.jpg,1917,977
p1840395.jpg,4592,3448
p1860361.jpg,4592,3448
101.jpg,1919,981
dsc-0107.jpg,3840,2160
4.jpg,1917,979
p1840229.jpg,4592,3448
116.jpg,1917,985
p1840547.jpg,4592,3448
p1860085.jpg,4592,3448
p1830930.jpg,4592,3448
p1860632.jpg,4592,3448
p1840450.jpg,4592,3448
p1840198.jpg,4592,3448
p1840038.jpg,4592,3448
p1860048.jpg,4592,3448
p1840512.jpg,4592,3448
p1840500.jpg,4592,3448
p1840248.jpg,4592,3448
p1860104.jpg,4592,3448
p1830984.jpg,4592,3448
p1840424.jpg,4592,3448
p1840472.jpg,4592,3448
p1840152.jpg,4592,3448
p1840128.jpg,4592,3448
p1860395.jpg,4592,3448
8.jpg,1919,979
p1840105.jpg,4592,3448
p1830980.jpg,4592,3448
p1840196.jpg,4592,3448
p1860090.jpg,4592,3448
37.jpg,1919,981
p1840087.jpg,4592,3448
p1840052.jpg,4592,3448
p1840476.jpg,4592,3448
p1840220.jpg,4592,3448
p1840272.jpg,4592,3448
p1860355.jpg,4592,3448
p1830970.jpg,4592,3448
p1840244.jpg,4592,3448
p1840142.jpg,4592,3448
p1840333.jpg,4592,3448
p1840004.jpg,4592,3448
p1860061.jpg,4592,3448
p1830950.jpg,4592,3448
107.jpg,1920,981
p1840576.jpg,4592,3448
p1840562.jpg,4592,3448
p1840113.jpg,4592,3448
p1860646.jpg,4592,3448
p1860102.jpg,4592,3448
p1840345.jpg,4592,3448
p1840449.jpg,4592,3448
p1860043.jpg,4592,3448
p1860352.jpg,4592,3448
dsc-0135.jpg,3840,2160
p1840386.jpg,4592,3448
p1840066.jpg,4592,3448
p1860045.jpg,4592,3448
dsc-0109.jpg,3840,2160
96.jpg,1919,981
127.jpg,1919,979
p1860057.jpg,4592,3448
p1840413.jpg,4592,3448
103.jpg,1917,979
p1830999.jpg,4592,3448
p1830960.jpg,4592,3448
p1840483.jpg,4592,3448
p1840563.jpg,4592,3448
p1840526.jpg,4592,3448
p1840076.jpg,4592,3448
91.jpg,1919,979
p1840193.jpg,4592,3448
p1840429.jpg,4592,3448
p1840505.jpg,4592,3448
p1860651.jpg,4592,3448
p1840121.jpg,4592,3448
p1840527.jpg,4592,3448
p1830959.jpg,4592,3448
p1840372.jpg,4592,3448
p1830979.jpg,4592,3448
40.jpg,1919,981
p1860397.jpg,4592,3448
p1840567.jpg,4592,3448
p1840260.jpg,4592,3448
p1860635.jpg,4592,3448
dsc-0126.jpg,3840,2160
p1840323.jpg,4592,3448
151.jpg,1919,979
9.jpg,1919,981
p1860055.jpg,4592,3448
p1840377.jpg,4592,3448
128.jpg,1919,979
p1840571.jpg,4592,3448
p1860647.jpg,4592,3448
79.jpg,1919,979
46.jpg,1919,981
p1840550.jpg,4592,3448
48.jpg,1919,979
43.jpg,1919,979
p1840097.jpg,4592,3448
p1840288.jpg,4592,3448
p1840247.jpg,4592,3448
18.jpg,1919,971
p1840144.jpg,4592,3448
p1860039.jpg,4592,3448
p1840461.jpg,4592,3448
p1860359.jpg,4592,3448
113.jpg,1919,979
p1840559.jpg,4592,3448
dsc-0152.jpg,3840,2160
p1840570.jpg,4592,3448
p1840160.jpg,4592,3448
102.jpg,1919,981
p1840466.jpg,4592,3448
p1840141.jpg,4592,3448
p1840313.jpg,4592,3448
p1830955.jpg,4592,3448
94.jpg,1919,981
p1840122.jpg,4592,3448
p1840543.jpg,4592,3448
104.jpg,1919,983
p1860409.jpg,4592,3448
86.jpg,1919,981
p1840300.jpg,4592,3448
p1840116.jpg,4592,3448
dsc-0148.jpg,3840,2160
75.jpg,1919,983
100.jpg,1920,983
p1830978.jpg,4592,3448
p1840536.jpg,4592,3448
p1840565.jpg,4592,3448
76.jpg,1919,981
p1840437.jpg,4592,3448
p1860111.jpg,4592,3448
p1840285.jpg,4592,3448
p1830987.jpg,4592,3448
p1840213.jpg,4592,3448
20.jpg,1920,983
p1860369.jpg,4592,3448
p1840318.jpg,4592,3448
p1860092.jpg,4592,3448
p1840042.jpg,4592,3448
p1860413.jpg,4592,3448
dsc-0329.jpg,3920,2208
p1840188.jpg,4592,3448
p1840304.jpg,4592,3448
p1860652.jpg,1917,981
p1840258.jpg,4592,3448
p1840321.jpg,4592,3448
p1840314.jpg,4592,3448
35.jpg,1919,983
12.jpg,1917,983
p1840595.jpg,4592,3448
p1860634.jpg,4592,3448
p1840496.jpg,4592,3448
p1840256.jpg,4592,3448
p1840190.jpg,4592,3448
p1840055.jpg,4592,3448
p1860070.jpg,4592,3448
p1840389.jpg,4592,3448
p1860641.jpg,4592,3448
p1860371.jpg,4592,3448
p1840224.jpg,4592,3448
p1840151.jpg,4592,3448
p1860081.jpg,4592,3448
p1860653.jpg,1917,983
p1830926.jpg,4592,3448
p1840453.jpg,4592,3448
p1840080.jpg,4592,3448
p1860631.jpg,4592,3448
p1840324.jpg,4592,3448
p1860103.jpg,4592,3448
dsc-0102.jpg,3840,2160
p1840405.jpg,4592,3448
155.jpg,1919,981
p1840600.jpg,4592,3448
123.jpg,1919,979
p1840468.jpg,4592,3448
p1860047.jpg,4592,3448
p1840098.jpg,4592,3448
p1840057.jpg,4592,3448
p1840138.jpg,4592,3448
97.jpg,1919,977
p1860345.jpg,4592,3448
p1860083.jpg,4592,3448
150.jpg,1917,979
22.jpg,1920,979
59.jpg,1919,983
p1840490.jpg,4592,3448
110.jpg,1919,981
p1860354.jpg,4592,3448
p1840602.jpg,4592,3448
p1860079.jpg,4592,3448
dsc-0130.jpg,3840,2160
p1840446.jpg,4592,3448
p1840297.jpg,4592,3448
p1840497.jpg,4592,3448
p1840078.jpg,4592,3448
p1860112.jpg,4592,3448
p1860073.jpg,4592,3448
p1840283.jpg,4592,3448
p1830948.jpg,4592,3448
80.jpg,1919,979
p1840166.jpg,4592,3448
p1830972.jpg,4592,3448
p1840459.jpg,4592,3448
p1860343.jpg,4592,3448
p1860394.jpg,4592,3448
p1840599.jpg,4592,3448
51.jpg,1919,981
p1840572.jpg,4592,3448
p1840407.jpg,4592,3448
p1840494.jpg,4592,3448
p1840067.jpg,4592,3448
p1840513.jpg,4592,3448
p1840375.jpg,4592,3448
p1830990.jpg,4592,3448
dsc-0137.jpg,3840,2160
dsc-0122.jpg,3840,2160
p1840243.jpg,4592,3448
p1860075.jpg,4592,3448
p1860279.jpg,4592,3448
p1840047.jpg,4592,3448
p1840287.jpg,4592,3448
125.jpg,1919,979
145.jpg,1919,981
p1860101.jpg,4592,3448
146.jpg,1919,981
p1840514.jpg,4592,3448
p1840017.jpg,4592,3448
p1840552.jpg,4592,3448
p1840518.jpg,4592,3448
p1840382.jpg,4592,3448
p1840509.jpg,4592,3448
p1840370.jpg,4592,3448
p1860058.jpg,4592,3448
p1840501.jpg,4592,3448
dsc-0151.jpg,3840,2160
7.jpg,1917,979
p1840495.jpg,4592,3448
p1840059.jpg,4592,3448
p1860041.jpg,4592,3448
p1840212.jpg,4592,3448
38.jpg,1919,981
p1860068.jpg,4592,3448
p1840083.jpg,4592,3448
p1840013.jpg,4592,3448
p1840590.jpg,4592,3448
p1840305.jpg,4592,3448
p1860348.jpg,4592,3448
p1840523.jpg,4592,3448
p1840150.jpg,4592,3448
p1860107.jpg,4592,3448
p1860642.jpg,4592,3448
p1840125.jpg,4592,3448
p1830936.jpg,4592,3448
89.jpg,1917,977
30.jpg,1920,977
p1840528.jpg,4592,3448
p1840036.jpg,4592,3448
p1830969.jpg,4592,3448
p1830935.jpg,4592,3448
p1840135.jpg,4592,3448
105.jpg,1920,983
p1830981.jpg,4592,3448
p1840028.jpg,4592,3448
p1840124.jpg,4592,3448
p1840548.jpg,4592,3448
p1860036.jpg,4592,3448
p1840092.jpg,4592,3448
p1840233.jpg,4592,3448
p1840379.jpg,4592,3448
p1830953.jpg,4592,3448
p1840291.jpg,4592,3448
17.jpg,1919,975
p1860353.jpg,4592,3448
98.jpg,1919,977
p1840510.jpg,4592,3448
p1840230.jpg,4592,3448
p1840586.jpg,4592,3448
p1840186.jpg,4592,3448
p1830967.jpg,4592,3448
87.jpg,1919,981
p1840082.jpg,4592,3448
p1840199.jpg,4592,3448
p1840403.jpg,4592,3448
p1840390.jpg,4592,3448
p1840432.jpg,4592,3448
p1840075.jpg,4592,3448
p1840443.jpg,4592,3448
p1840206.jpg,4592,3448
p1840473.jpg,4592,3448
p1840032.jpg,4592,3448
p1840070.jpg,4592,3448
p1840373.jpg,4592,3448
p1840367.jpg,4592,3448
p1840585.jpg,4592,3448
p1840085.jpg,4592,3448
p1860077.jpg,4592,3448
p1840338.jpg,4592,3448
27.jpg,1918,983
p1860373.jpg,4592,3448
138.jpg,1917,975
p1860639.jpg,4592,3448
p1840436.jpg,4592,3448
p1860351.jpg,4592,3448
p1840406.jpg,4592,3448
p1860331.jpg,4592,3448
129.jpg,1919,977
157.jpg,1919,981
p1860401.jpg,4592,3448
39.jpg,1917,977
p1840103.jpg,4592,3448
p1840252.jpg,4592,3448
p1840357.jpg,4592,3448
dsc-0330.jpg,3920,2208
p1840161.jpg,4592,3448
p1840478.jpg,4592,3448
120.jpg,1919,979
p1840273.jpg,4592,3448
p1840053.jpg,4592,3448
p1830947.jpg,4592,3448
p1840312.jpg,4592,3448
p1840069.jpg,4592,3448
p1830989.jpg,4592,3448
p1840481.jpg,4592,3448
p1840447.jpg,4592,3448
p1840315.jpg,4592,3448
p1840371.jpg,4592,3448
dsc-0119.jpg,3840,2160
p1840174.jpg,4592,3448
p1840058.jpg,4592,3448
p1840539.jpg,4592,3448
p1840019.jpg,4592,3448
p1840111.jpg,4592,3448
p1840564.jpg,4592,3448
133.jpg,1917,979
p1830971.jpg,4592,3448
dsc-0326.jpg,3920,2208
p1860416.jpg,4592,3448
dsc-0101.jpg,3840,2160
p1840159.jpg,4592,3448
2.jpg,1915,975
p1840275.jpg,4592,3448
p1840182.jpg,4592,3448
p1860403.jpg,4592,3448
p1840041.jpg,4592,3448
p1830927.jpg,4592,3448
p1860113.jpg,4592,3448
p1840531.jpg,4592,3448
p1830933.jpg,4592,3448
p1840397.jpg,4592,3448
p1830920.jpg,4592,3448
p1840557.jpg,4592,3448
p1840249.jpg,4592,3448
p1840598.jpg,4592,3448
p1840234.jpg,4592,3448
p1830921.jpg,4592,3448
p1840136.jpg,4592,3448
p1860650.jpg,4592,3448
p1840051.jpg,4592,3448
23.jpg,1919,979
149.jpg,1919,979
42.jpg,1920,979
64.jpg,1919,977
137.jpg,1919,983
p1840239.jpg,4592,3448
p1830929.jpg,4592,3448
p1840499.jpg,4592,3448
p1840511.jpg,4592,3448
p1830988.jpg,4592,3448
p1840493.jpg,4592,3448
p1840549.jpg,4592,3448
p1840529.jpg,4592,3448
71.jpg,1917,983
p1840018.jpg,4592,3448
p1840156.jpg,4592,3448
p1840145.jpg,4592,3448
p1840096.jpg,4592,3448
p1840368.jpg,4592,3448
p1860105.jpg,4592,3448
p1840106.jpg,4592,3448
p1840346.jpg,4592,3448
p1840020.jpg,4592,3448
p1830951.jpg,4592,3448
p1840048.jpg,4592,3448
p1860645.jpg,4592,3448
p1860366.jpg,4592,3448
p1840464.jpg,4592,3448
p1840179.jpg,4592,3448
p1860333.jpg,4592,3448
p1860277.jpg,4592,3448
p1840441.jpg,4592,3448
p1860337.jpg,4592,3448
p1840538.jpg,4592,3448
dsc-0106.jpg,3840,2160
72.jpg,1919,981
28.jpg,1920,979
p1840566.jpg,4592,3448
p1840475.jpg,4592,3448
p1840202.jpg,4592,3448
p1840399.jpg,4592,3448
p1840596.jpg,4592,3448
p1840089.jpg,4592,3448
p1840165.jpg,4592,3448
31.jpg,1920,979
p1860414.jpg,4592,3448
134.jpg,1919,981
p1840302.jpg,4592,3448
p1840185.jpg,4592,3448
p1840120.jpg,4592,3448
p1840448.jpg,4592,3448
26.jpg,1919,981
p1860415.jpg,4592,3448
p1840325.jpg,4592,3448
p1840271.jpg,4592,3448
p1840426.jpg,4592,3448
p1840316.jpg,4592,3448
p1840311.jpg,4592,3448
p1840168.jpg,4592,3448
p1840457.jpg,4592,3448
p1840360.jpg,4592,3448
p1840021.jpg,4592,3448
p1840555.jpg,4592,3448
p1840387.jpg,4592,3448
p1840584.jpg,4592,3448
p1840200.jpg,4592,3448
p1840456.jpg,4592,3448
p1860398.jpg,4592,3448
p1840364.jpg,4592,3448
85.jpg,1919,979
p1840581.jpg,4592,3448
p1840153.jpg,4592,3448
p1840062.jpg,4592,3448
dsc-0140.jpg,3840,2160
p1840269.jpg,4592,3448
p1860044.jpg,4592,3448
p1840515.jpg,4592,3448
p1830925.jpg,4592,3448
p1840101.jpg,4592,3448
p1840065.jpg,4592,3448
p1830993.jpg,4592,3448
34.jpg,1917,983
p1860066.jpg,4592,3448
p1840400.jpg,4592,3448
p1840409.jpg,4592,3448
p1860080.jpg,4592,3448
p1840034.jpg,4592,3448
p1840026.jpg,4592,3448
p1840359.jpg,4592,3448
p1840307.jpg,4592,3448
6.jpg,1917,979
p1840303.jpg,4592,3448
p1840282.jpg,4592,3448
p1840336.jpg,4592,3448
p1860347.jpg,4592,3448
p1840580.jpg,4592,3448
p1840451.jpg,4592,3448
99.jpg,1920,977
p1840352.jpg,4592,3448
p1840508.jpg,4592,3448
92.jpg,1919,981
p1840204.jpg,4592,3448
p1840471.jpg,4592,3448
p1860332.jpg,4592,3448
p1840110.jpg,4592,3448
p1860655.jpg,1919,977
p1830996.jpg,4592,3448
156.jpg,1919,983
dsc-0153.jpg,3840,2160
p1840454.jpg,4592,3448
p1830939.jpg,4592,3448
p1840242.jpg,4592,3448
p1860654.jpg,1917,981
p1840270.jpg,4592,3448
p1840361.jpg,4592,3448
p1860357.jpg,4592,3448
52.jpg,1919,979
p1840294.jpg,4592,3448
p1840530.jpg,4592,3448
p1840002.jpg,4592,3448
dsc-0134.jpg,3840,2160
p1840245.jpg,4592,3448
154.jpg,1919,981
p1840073.jpg,4592,3448
p1860342.jpg,4592,3448
p1860400.jpg,4592,3448
p1840593.jpg,4592,3448
p1840117.jpg,4592,3448
p1840445.jpg,4592,3448
p1840349.jpg,4592,3448
p1840178.jpg,4592,3448
p1860349.jpg,4592,3448
p1840486.jpg,4592,3448
p1840223.jpg,4592,3448
dsc-0150.jpg,3840,2160
p1840027.jpg,4592,3448
p1840439.jpg,4592,3448
p1840592.jpg,4592,3448
p1840215.jpg,4592,3448
p1840064.jpg,4592,3448
p1840022.jpg,4592,3448
p1840556.jpg,4592,3448
p1840132.jpg,4592,3448
p1860084.jpg,4592,3448
p1840015.jpg,4592,3448
p1860060.jpg,4592,3448
p1840470.jpg,4592,3448
p1830941.jpg,4592,3448
p1860056.jpg,4592,3448
p1840217.jpg,4592,3448
p1830952.jpg,4592,3448
p1840404.jpg,4592,3448
p1840226.jpg,4592,3448
p1840467.jpg,4592,3448
p1840170.jpg,4592,3448
p1860091.jpg,4592,3448
p1840181.jpg,4592,3448
p1860037.jpg,4592,3448
p1840569.jpg,4592,3448
p1840480.jpg,4592,3448
p1840195.jpg,4592,3448
p1840259.jpg,4592,3448
21.jpg,1920,985
p1830942.jpg,4592,3448
p1840077.jpg,4592,3448
p1840319.jpg,4592,3448
p1860074.jpg,4592,3448
p1830924.jpg,4592,3448
p1840016.jpg,4592,3448
p1840155.jpg,4592,3448
dsc-0139.jpg,3840,2160
p1830982.jpg,4592,3448
82.jpg,1919,983
p1840554.jpg,4592,3448
p1840434.jpg,4592,3448
65.jpg,1919,979
p1840533.jpg,4592,3448
p1840154.jpg,4592,3448
p1830958.jpg,4592,3448
29.jpg,1920,983
p1840037.jpg,4592,3448
p1840176.jpg,4592,3448
p1860370.jpg,4592,3448
88.jpg,1919,981
p1840240.jpg,4592,3448
119.jpg,1919,979
p1840218.jpg,4592,3448
54.jpg,1919,977
p1840109.jpg,4592,3448
73.jpg,1919,981
p1830962.jpg,4592,3448
25.jpg,1919,981
p1840587.jpg,4592,3448
p1840568.jpg,4592,3448
p1840007.jpg,4592,3448
p1860097.jpg,4592,3448
49.jpg,1917,979
p1840560.jpg,4592,3448
p1840607.jpg,4592,3448
p1840344.jpg,4592,3448
p1840024.jpg,4592,3448
10.jpg,1919,979
p1840365.jpg,4592,3448
p1860051.jpg,4592,3448
p1860087.jpg,4592,3448
p1830986.jpg,4592,3448
p1830943.jpg,4592,3448
p1840063.jpg,4592,3448
p1840583.jpg,4592,3448
p1830995.jpg,4592,3448
p1860412.jpg,4592,3448
p1860099.jpg,4592,3448
p1840140.jpg,4592,3448
p1840348.jpg,4592,3448
dsc-0129.jpg,3840,2160
14.jpg,1919,979
p1840492.jpg,4592,3448
117.jpg,1919,979
p1860644.jpg,4592,3448
p1840524.jpg,4592,3448
p1860071.jpg,4592,3448
p1840046.jpg,4592,3448
p1840301.jpg,4592,3448
p1840183.jpg,4592,3448
p1840594.jpg,4592,3448
p1860065.jpg,4592,3448
81.jpg,1917,975
p1830997.jpg,4592,3448
153.jpg,1919,983
p1840102.jpg,4592,3448
p1840465.jpg,4592,3448
108.jpg,1919,981
p1830923.jpg,4592,3448
p1840284.jpg,4592,3448
p1830940.jpg,4592,3448
112.jpg,1919,981
p1840553.jpg,4592,3448
p1840398.jpg,4592,3448
32.jpg,1920,981
148.jpg,1919,979
p1860067.jpg,4592,3448
p1840276.jpg,4592,3448
68.jpg,1919,979
p1840591.jpg,4592,3448
p1830949.jpg,4592,3448
dsc-0334.jpg,3920,2208
124.jpg,1919,979
p1830965.jpg,4592,3448
p1840074.jpg,4592,3448
p1840431.jpg,4592,3448
p1830963.jpg,4592,3448
109.jpg,1919,977
44.jpg,1917,981
p1860363.jpg,4592,3448
